Block, Contract, Date, From, Gas, To, Value
5132628, 0x29d1487bbbce6f3766db1d36a5eea93ca01a2a75, Feb-21-2018, 0xe39ea65cfaa76560ecf82a92449b670ec67a87c5, 0.00014059, 0x29d1487bbbce6f3766db1d36a5eea93ca01a2a75, 0 Ether
4816273, 0x29d1487bbbce6f3766db1d36a5eea93ca01a2a75, Dec-29-2017, 0xe39ea65cfaa76560ecf82a92449b670ec67a87c5, 0.00103634, 0x29d1487bbbce6f3766db1d36a5eea93ca01a2a75, 0 Ether
4813737, 0x29d1487bbbce6f3766db1d36a5eea93ca01a2a75, Dec-28-2017, 0xe39ea65cfaa76560ecf82a92449b670ec67a87c5, 0.01723596, Contract Creation, 0 Ether
5343536, 0x365267181bc0ef38bbb8d8ca9b330dc0c3ac01d1, Mar-29-2018, 0x140ea5a5f01779c458c5cb6d8a601e8087a42ce2, 0.00018512, 0x365267181bc0ef38bbb8d8ca9b330dc0c3ac01d1, 0 Ether
5343536, 0x365267181bc0ef38bbb8d8ca9b330dc0c3ac01d1, Mar-29-2018, 0xa3091ebad745d5840267f6696e0864cbe548a006, 0.00027011, 0x365267181bc0ef38bbb8d8ca9b330dc0c3ac01d1, 0 Ether
5343531, 0x365267181bc0ef38bbb8d8ca9b330dc0c3ac01d1, Mar-29-2018, 0xa3091ebad745d5840267f6696e0864cbe548a006, 0.00034882, 0x365267181bc0ef38bbb8d8ca9b330dc0c3ac01d1, 0 Ether
5337536, 0x365267181bc0ef38bbb8d8ca9b330dc0c3ac01d1, Mar-28-2018, 0x140ea5a5f01779c458c5cb6d8a601e8087a42ce2, 0.00013884, 0x365267181bc0ef38bbb8d8ca9b330dc0c3ac01d1, 0 Ether
5337536, 0x365267181bc0ef38bbb8d8ca9b330dc0c3ac01d1, Mar-28-2018, 0xa3091ebad745d5840267f6696e0864cbe548a006, 0.00020258, 0x365267181bc0ef38bbb8d8ca9b330dc0c3ac01d1, 0 Ether
5337532, 0x365267181bc0ef38bbb8d8ca9b330dc0c3ac01d1, Mar-28-2018, 0xa3091ebad745d5840267f6696e0864cbe548a006, 0.00026162, 0x365267181bc0ef38bbb8d8ca9b330dc0c3ac01d1, 0 Ether
5300646, 0x365267181bc0ef38bbb8d8ca9b330dc0c3ac01d1, Mar-22-2018, 0x140ea5a5f01779c458c5cb6d8a601e8087a42ce2, 0.00018512, 0x365267181bc0ef38bbb8d8ca9b330dc0c3ac01d1, 0 Ether
5300644, 0x365267181bc0ef38bbb8d8ca9b330dc0c3ac01d1, Mar-22-2018, 0xa3091ebad745d5840267f6696e0864cbe548a006, 0.00027011, 0x365267181bc0ef38bbb8d8ca9b330dc0c3ac01d1, 0 Ether
5300640, 0x365267181bc0ef38bbb8d8ca9b330dc0c3ac01d1, Mar-22-2018, 0xa3091ebad745d5840267f6696e0864cbe548a006, 0.00034882, 0x365267181bc0ef38bbb8d8ca9b330dc0c3ac01d1, 0 Ether
5289111, 0x365267181bc0ef38bbb8d8ca9b330dc0c3ac01d1, Mar-20-2018, 0x140ea5a5f01779c458c5cb6d8a601e8087a42ce2, 0.00013884, 0x365267181bc0ef38bbb8d8ca9b330dc0c3ac01d1, 0 Ether
5289111, 0x365267181bc0ef38bbb8d8ca9b330dc0c3ac01d1, Mar-20-2018, 0xa3091ebad745d5840267f6696e0864cbe548a006, 0.00020258, 0x365267181bc0ef38bbb8d8ca9b330dc0c3ac01d1, 0 Ether
5289107, 0x365267181bc0ef38bbb8d8ca9b330dc0c3ac01d1, Mar-20-2018, 0xa3091ebad745d5840267f6696e0864cbe548a006, 0.00026162, 0x365267181bc0ef38bbb8d8ca9b330dc0c3ac01d1, 0 Ether
5288570, 0x365267181bc0ef38bbb8d8ca9b330dc0c3ac01d1, Mar-20-2018, 0x140ea5a5f01779c458c5cb6d8a601e8087a42ce2, 0.00013884, 0x365267181bc0ef38bbb8d8ca9b330dc0c3ac01d1, 0 Ether
5288570, 0x365267181bc0ef38bbb8d8ca9b330dc0c3ac01d1, Mar-20-2018, 0xa3091ebad745d5840267f6696e0864cbe548a006, 0.00020258, 0x365267181bc0ef38bbb8d8ca9b330dc0c3ac01d1, 0 Ether
5288565, 0x365267181bc0ef38bbb8d8ca9b330dc0c3ac01d1, Mar-20-2018, 0xa3091ebad745d5840267f6696e0864cbe548a006, 0.00026162, 0x365267181bc0ef38bbb8d8ca9b330dc0c3ac01d1, 0 Ether
5218208, 0x365267181bc0ef38bbb8d8ca9b330dc0c3ac01d1, Mar-08-2018, 0x768d4f1cd8594701be8b906462b73c9040e392df, 0.000984, 0x365267181bc0ef38bbb8d8ca9b330dc0c3ac01d1, 0 Ether
5178132, 0x365267181bc0ef38bbb8d8ca9b330dc0c3ac01d1, Mar-01-2018, 0x140ea5a5f01779c458c5cb6d8a601e8087a42ce2, 0.00069423, 0x365267181bc0ef38bbb8d8ca9b330dc0c3ac01d1, 0 Ether
5178130, 0x365267181bc0ef38bbb8d8ca9b330dc0c3ac01d1, Mar-01-2018, 0xa3091ebad745d5840267f6696e0864cbe548a006, 0.00101293, 0x365267181bc0ef38bbb8d8ca9b330dc0c3ac01d1, 0 Ether
5178127, 0x365267181bc0ef38bbb8d8ca9b330dc0c3ac01d1, Mar-01-2018, 0xa3091ebad745d5840267f6696e0864cbe548a006, 0.0013081, 0x365267181bc0ef38bbb8d8ca9b330dc0c3ac01d1, 0 Ether
5173232, 0x365267181bc0ef38bbb8d8ca9b330dc0c3ac01d1, Feb-28-2018, 0xba4e3d82e859f203f97455df537e17e424f19386, 0.0004208, 0x365267181bc0ef38bbb8d8ca9b330dc0c3ac01d1, 10.0495792 Ether
5173229, 0x365267181bc0ef38bbb8d8ca9b330dc0c3ac01d1, Feb-28-2018, 0xfc08b84c51b1c30321c42fccb76a433a496accd0, 0.0001073, 0x365267181bc0ef38bbb8d8ca9b330dc0c3ac01d1, 19.999892696 Ether
5173223, 0x365267181bc0ef38bbb8d8ca9b330dc0c3ac01d1, Feb-28-2018, 0x5cfeead7bf147d38eb9b793201c4299990d833d6, 0.00008416, 0x365267181bc0ef38bbb8d8ca9b330dc0c3ac01d1, 49.99991584 Ether
5173171, 0x365267181bc0ef38bbb8d8ca9b330dc0c3ac01d1, Feb-28-2018, 0x4536bee308c9a9a2a5e761c355ae5aa71104450e, 0.0004208, 0x365267181bc0ef38bbb8d8ca9b330dc0c3ac01d1, 479.9995792 Ether
5173148, 0x365267181bc0ef38bbb8d8ca9b330dc0c3ac01d1, Feb-28-2018, 0xa3faf8dcdb189d53739f3db57c7d8699fe61ed38, 0.0004208, 0x365267181bc0ef38bbb8d8ca9b330dc0c3ac01d1, 0.01 Ether
5167001, 0x365267181bc0ef38bbb8d8ca9b330dc0c3ac01d1, Feb-27-2018, 0x140ea5a5f01779c458c5cb6d8a601e8087a42ce2, 0.00046282, 0x365267181bc0ef38bbb8d8ca9b330dc0c3ac01d1, 0 Ether
5167001, 0x365267181bc0ef38bbb8d8ca9b330dc0c3ac01d1, Feb-27-2018, 0xa3091ebad745d5840267f6696e0864cbe548a006, 0.00067529, 0x365267181bc0ef38bbb8d8ca9b330dc0c3ac01d1, 0 Ether
5166997, 0x365267181bc0ef38bbb8d8ca9b330dc0c3ac01d1, Feb-27-2018, 0xa3091ebad745d5840267f6696e0864cbe548a006, 0.00087207, 0x365267181bc0ef38bbb8d8ca9b330dc0c3ac01d1, 0 Ether
5164231, 0x365267181bc0ef38bbb8d8ca9b330dc0c3ac01d1, Feb-27-2018, 0xca28412ac45553895d100d786f6415609d4ed182, 0.00016832, 0x365267181bc0ef38bbb8d8ca9b330dc0c3ac01d1, 249.99983168 Ether
5137327, 0x365267181bc0ef38bbb8d8ca9b330dc0c3ac01d1, Feb-22-2018, 0x66aa08548f523f1f6dd8ebd94977a0ed00676d3b, 0.00018936, 0x365267181bc0ef38bbb8d8ca9b330dc0c3ac01d1, 29.99981064 Ether
5135935, 0x365267181bc0ef38bbb8d8ca9b330dc0c3ac01d1, Feb-22-2018, 0x140ea5a5f01779c458c5cb6d8a601e8087a42ce2, 0.00092564, 0x365267181bc0ef38bbb8d8ca9b330dc0c3ac01d1, 0 Ether
5135935, 0x365267181bc0ef38bbb8d8ca9b330dc0c3ac01d1, Feb-22-2018, 0xa3091ebad745d5840267f6696e0864cbe548a006, 0.00135058, 0x365267181bc0ef38bbb8d8ca9b330dc0c3ac01d1, 0 Ether
5135925, 0x365267181bc0ef38bbb8d8ca9b330dc0c3ac01d1, Feb-22-2018, 0xa3091ebad745d5840267f6696e0864cbe548a006, 0.00174414, 0x365267181bc0ef38bbb8d8ca9b330dc0c3ac01d1, 0 Ether
5130467, 0x365267181bc0ef38bbb8d8ca9b330dc0c3ac01d1, Feb-21-2018, 0xa38ee4ad0829632bc1681aecaea6c4c9b7170b19, 0.0002104, 0x365267181bc0ef38bbb8d8ca9b330dc0c3ac01d1, 49.9997896 Ether
5125737, 0x365267181bc0ef38bbb8d8ca9b330dc0c3ac01d1, Feb-20-2018, 0x5a48d6a71b9e1788cf43829b2fc6e76909bbd1a1, 0.0004208, 0x365267181bc0ef38bbb8d8ca9b330dc0c3ac01d1, 99.9995792 Ether
5125051, 0x365267181bc0ef38bbb8d8ca9b330dc0c3ac01d1, Feb-20-2018, 0x140ea5a5f01779c458c5cb6d8a601e8087a42ce2, 0.00092564, 0x365267181bc0ef38bbb8d8ca9b330dc0c3ac01d1, 0 Ether
5125050, 0x365267181bc0ef38bbb8d8ca9b330dc0c3ac01d1, Feb-20-2018, 0xa3091ebad745d5840267f6696e0864cbe548a006, 0.00135058, 0x365267181bc0ef38bbb8d8ca9b330dc0c3ac01d1, 0 Ether
5125043, 0x365267181bc0ef38bbb8d8ca9b330dc0c3ac01d1, Feb-20-2018, 0xa3091ebad745d5840267f6696e0864cbe548a006, 0.00174414, 0x365267181bc0ef38bbb8d8ca9b330dc0c3ac01d1, 0 Ether
5106996, 0x365267181bc0ef38bbb8d8ca9b330dc0c3ac01d1, Feb-17-2018, 0x140ea5a5f01779c458c5cb6d8a601e8087a42ce2, 0.00046282, 0x365267181bc0ef38bbb8d8ca9b330dc0c3ac01d1, 0 Ether
5106994, 0x365267181bc0ef38bbb8d8ca9b330dc0c3ac01d1, Feb-17-2018, 0xa3091ebad745d5840267f6696e0864cbe548a006, 0.00067529, 0x365267181bc0ef38bbb8d8ca9b330dc0c3ac01d1, 0 Ether
5106983, 0x365267181bc0ef38bbb8d8ca9b330dc0c3ac01d1, Feb-17-2018, 0xa3091ebad745d5840267f6696e0864cbe548a006, 0.00087207, 0x365267181bc0ef38bbb8d8ca9b330dc0c3ac01d1, 0 Ether
5096635, 0x365267181bc0ef38bbb8d8ca9b330dc0c3ac01d1, Feb-15-2018, 0x5964a3f65a716d0ff3c3a70793754be8f2834875, 0.0004208, 0x365267181bc0ef38bbb8d8ca9b330dc0c3ac01d1, 5.35 Ether
5094556, 0x365267181bc0ef38bbb8d8ca9b330dc0c3ac01d1, Feb-15-2018, 0xa3faf8dcdb189d53739f3db57c7d8699fe61ed38, 0.0004208, 0x365267181bc0ef38bbb8d8ca9b330dc0c3ac01d1, 0.2 Ether
5094077, 0x365267181bc0ef38bbb8d8ca9b330dc0c3ac01d1, Feb-15-2018, 0x39665a1ef858fd36772433b964da0ad281cc947c, 0.00025248, 0x365267181bc0ef38bbb8d8ca9b330dc0c3ac01d1, 99.99974752 Ether
5094072, 0x365267181bc0ef38bbb8d8ca9b330dc0c3ac01d1, Feb-15-2018, 0x4f4760293babc4959919631704a86fa6659dd9c9, 0.0004208, 0x365267181bc0ef38bbb8d8ca9b330dc0c3ac01d1, 99.9995792 Ether
5075466, 0x365267181bc0ef38bbb8d8ca9b330dc0c3ac01d1, Feb-12-2018, 0x140ea5a5f01779c458c5cb6d8a601e8087a42ce2, 0.00097192, 0x365267181bc0ef38bbb8d8ca9b330dc0c3ac01d1, 0 Ether
5075466, 0x365267181bc0ef38bbb8d8ca9b330dc0c3ac01d1, Feb-12-2018, 0xa3091ebad745d5840267f6696e0864cbe548a006, 0.0014181, 0x365267181bc0ef38bbb8d8ca9b330dc0c3ac01d1, 0 Ether
5075463, 0x365267181bc0ef38bbb8d8ca9b330dc0c3ac01d1, Feb-12-2018, 0xa3091ebad745d5840267f6696e0864cbe548a006, 0.00183134, 0x365267181bc0ef38bbb8d8ca9b330dc0c3ac01d1, 0 Ether
5061058, 0x365267181bc0ef38bbb8d8ca9b330dc0c3ac01d1, Feb-09-2018, 0x3e8f4f8d4ca8f4d24bffee2487dd2c55531653fb, 0.0008416, 0x365267181bc0ef38bbb8d8ca9b330dc0c3ac01d1, 50 Ether
5041753, 0x365267181bc0ef38bbb8d8ca9b330dc0c3ac01d1, Feb-06-2018, 0xe371a5f2824953e3a2330e5f88ebaf8cba164510, 0.0001073, 0x365267181bc0ef38bbb8d8ca9b330dc0c3ac01d1, 49.999892696 Ether
5041749, 0x365267181bc0ef38bbb8d8ca9b330dc0c3ac01d1, Feb-06-2018, 0xfba3a427832235ea0eb2b793869ce0836009d8ed, 0.00046288, 0x365267181bc0ef38bbb8d8ca9b330dc0c3ac01d1, 49.99953712 Ether
5034974, 0x365267181bc0ef38bbb8d8ca9b330dc0c3ac01d1, Feb-05-2018, 0x140ea5a5f01779c458c5cb6d8a601e8087a42ce2, 0.000925, 0x365267181bc0ef38bbb8d8ca9b330dc0c3ac01d1, 0 Ether
5034974, 0x365267181bc0ef38bbb8d8ca9b330dc0c3ac01d1, Feb-05-2018, 0xa3091ebad745d5840267f6696e0864cbe548a006, 0.0013493, 0x365267181bc0ef38bbb8d8ca9b330dc0c3ac01d1, 0 Ether
5034970, 0x365267181bc0ef38bbb8d8ca9b330dc0c3ac01d1, Feb-05-2018, 0xa3091ebad745d5840267f6696e0864cbe548a006, 0.00174286, 0x365267181bc0ef38bbb8d8ca9b330dc0c3ac01d1, 0 Ether
5010379, 0x365267181bc0ef38bbb8d8ca9b330dc0c3ac01d1, Feb-01-2018, 0xf49cf2cc734a56c323a4002ba95c665d73ec7fc1, 0.00002104, 0x365267181bc0ef38bbb8d8ca9b330dc0c3ac01d1, 99.99997886 Ether
4993607, 0x365267181bc0ef38bbb8d8ca9b330dc0c3ac01d1, Jan-29-2018, 0x5964a3f65a716d0ff3c3a70793754be8f2834875, 0.0004208, 0x365267181bc0ef38bbb8d8ca9b330dc0c3ac01d1, 6.67 Ether
4986277, 0x365267181bc0ef38bbb8d8ca9b330dc0c3ac01d1, Jan-28-2018, 0x266f4e4b8d34a46361ffd11a8c9791e70c6fcda4, 0.00008674, 0x365267181bc0ef38bbb8d8ca9b330dc0c3ac01d1, 130 Ether
4982770, 0x365267181bc0ef38bbb8d8ca9b330dc0c3ac01d1, Jan-27-2018, 0x266f4e4b8d34a46361ffd11a8c9791e70c6fcda4, 0.000021, 0x365267181bc0ef38bbb8d8ca9b330dc0c3ac01d1, 130 Ether
4982353, 0x365267181bc0ef38bbb8d8ca9b330dc0c3ac01d1, Jan-27-2018, 0x266f4e4b8d34a46361ffd11a8c9791e70c6fcda4, 0.000021, 0x365267181bc0ef38bbb8d8ca9b330dc0c3ac01d1, 130 Ether
4975773, 0x365267181bc0ef38bbb8d8ca9b330dc0c3ac01d1, Jan-26-2018, 0xa3faf8dcdb189d53739f3db57c7d8699fe61ed38, 0.0004208, 0x365267181bc0ef38bbb8d8ca9b330dc0c3ac01d1, 33.70594713 Ether
4929066, 0x365267181bc0ef38bbb8d8ca9b330dc0c3ac01d1, Jan-18-2018, 0xfde202cad00bc84b4ce8eb01a206063a29e87952, 0.00094575, 0x365267181bc0ef38bbb8d8ca9b330dc0c3ac01d1, 0 Ether
4929060, 0x365267181bc0ef38bbb8d8ca9b330dc0c3ac01d1, Jan-18-2018, 0xfde202cad00bc84b4ce8eb01a206063a29e87952, 0.00101797, 0x365267181bc0ef38bbb8d8ca9b330dc0c3ac01d1, 0 Ether
4929053, 0x365267181bc0ef38bbb8d8ca9b330dc0c3ac01d1, Jan-18-2018, 0xfde202cad00bc84b4ce8eb01a206063a29e87952, 0.0009211, 0x365267181bc0ef38bbb8d8ca9b330dc0c3ac01d1, 0 Ether
4929045, 0x365267181bc0ef38bbb8d8ca9b330dc0c3ac01d1, Jan-18-2018, 0xfde202cad00bc84b4ce8eb01a206063a29e87952, 0.0008431, 0x365267181bc0ef38bbb8d8ca9b330dc0c3ac01d1, 0 Ether
4929035, 0x365267181bc0ef38bbb8d8ca9b330dc0c3ac01d1, Jan-18-2018, 0xfde202cad00bc84b4ce8eb01a206063a29e87952, 0.0008431, 0x365267181bc0ef38bbb8d8ca9b330dc0c3ac01d1, 0 Ether
4929025, 0x365267181bc0ef38bbb8d8ca9b330dc0c3ac01d1, Jan-18-2018, 0xfde202cad00bc84b4ce8eb01a206063a29e87952, 0.00071339, 0x365267181bc0ef38bbb8d8ca9b330dc0c3ac01d1, 0 Ether
4919377, 0x365267181bc0ef38bbb8d8ca9b330dc0c3ac01d1, Jan-16-2018, 0x5964a3f65a716d0ff3c3a70793754be8f2834875, 0.0004208, 0x365267181bc0ef38bbb8d8ca9b330dc0c3ac01d1, 87.98 Ether
4825159, 0x365267181bc0ef38bbb8d8ca9b330dc0c3ac01d1, Dec-30-2017, 0xa3091ebad745d5840267f6696e0864cbe548a006, 0.00092628, 0x365267181bc0ef38bbb8d8ca9b330dc0c3ac01d1, 0 Ether
4825159, 0x365267181bc0ef38bbb8d8ca9b330dc0c3ac01d1, Dec-30-2017, 0x140ea5a5f01779c458c5cb6d8a601e8087a42ce2, 0.00135186, 0x365267181bc0ef38bbb8d8ca9b330dc0c3ac01d1, 0 Ether
4825151, 0x365267181bc0ef38bbb8d8ca9b330dc0c3ac01d1, Dec-30-2017, 0xa3091ebad745d5840267f6696e0864cbe548a006, 0.00174542, 0x365267181bc0ef38bbb8d8ca9b330dc0c3ac01d1, 0 Ether
4825039, 0x365267181bc0ef38bbb8d8ca9b330dc0c3ac01d1, Dec-30-2017, 0x140ea5a5f01779c458c5cb6d8a601e8087a42ce2, 0.000925, 0x365267181bc0ef38bbb8d8ca9b330dc0c3ac01d1, 0 Ether
4825039, 0x365267181bc0ef38bbb8d8ca9b330dc0c3ac01d1, Dec-30-2017, 0xa3091ebad745d5840267f6696e0864cbe548a006, 0.0013493, 0x365267181bc0ef38bbb8d8ca9b330dc0c3ac01d1, 0 Ether
4825027, 0x365267181bc0ef38bbb8d8ca9b330dc0c3ac01d1, Dec-30-2017, 0xa3091ebad745d5840267f6696e0864cbe548a006, 0.00174286, 0x365267181bc0ef38bbb8d8ca9b330dc0c3ac01d1, 0 Ether
4824598, 0x365267181bc0ef38bbb8d8ca9b330dc0c3ac01d1, Dec-30-2017, 0x140ea5a5f01779c458c5cb6d8a601e8087a42ce2, 0.001175, 0x365267181bc0ef38bbb8d8ca9b330dc0c3ac01d1, 0 Ether
4824597, 0x365267181bc0ef38bbb8d8ca9b330dc0c3ac01d1, Dec-30-2017, 0xa3091ebad745d5840267f6696e0864cbe548a006, 0.0013493, 0x365267181bc0ef38bbb8d8ca9b330dc0c3ac01d1, 0 Ether
4824592, 0x365267181bc0ef38bbb8d8ca9b330dc0c3ac01d1, Dec-30-2017, 0xa3091ebad745d5840267f6696e0864cbe548a006, 0.00174286, 0x365267181bc0ef38bbb8d8ca9b330dc0c3ac01d1, 0 Ether
4823893, 0x365267181bc0ef38bbb8d8ca9b330dc0c3ac01d1, Dec-30-2017, 0x224543318e2f285804cf6b6b98dafdaaa843b921, 0.00072906, 0x365267181bc0ef38bbb8d8ca9b330dc0c3ac01d1, 0 Ether
4823880, 0x365267181bc0ef38bbb8d8ca9b330dc0c3ac01d1, Dec-30-2017, 0x224543318e2f285804cf6b6b98dafdaaa843b921, 0.00064892, 0x365267181bc0ef38bbb8d8ca9b330dc0c3ac01d1, 0 Ether
4823872, 0x365267181bc0ef38bbb8d8ca9b330dc0c3ac01d1, Dec-30-2017, 0x224543318e2f285804cf6b6b98dafdaaa843b921, 0.0006772, 0x365267181bc0ef38bbb8d8ca9b330dc0c3ac01d1, 0 Ether
4823860, 0x365267181bc0ef38bbb8d8ca9b330dc0c3ac01d1, Dec-30-2017, 0x224543318e2f285804cf6b6b98dafdaaa843b921, 0.0006053, 0x365267181bc0ef38bbb8d8ca9b330dc0c3ac01d1, 0 Ether
4823855, 0x365267181bc0ef38bbb8d8ca9b330dc0c3ac01d1, Dec-30-2017, 0x224543318e2f285804cf6b6b98dafdaaa843b921, 0.0006053, 0x365267181bc0ef38bbb8d8ca9b330dc0c3ac01d1, 0 Ether
4818601, 0x365267181bc0ef38bbb8d8ca9b330dc0c3ac01d1, Dec-29-2017, 0xa3faf8dcdb189d53739f3db57c7d8699fe61ed38, 0.0004208, 0x365267181bc0ef38bbb8d8ca9b330dc0c3ac01d1, 125.9899984 Ether
4818589, 0x365267181bc0ef38bbb8d8ca9b330dc0c3ac01d1, Dec-29-2017, 0x67dfccb9957452b4acb48deadf58c5788ee52be2, 0.0004208, 0x365267181bc0ef38bbb8d8ca9b330dc0c3ac01d1, 0.01 Ether
4818571, 0x365267181bc0ef38bbb8d8ca9b330dc0c3ac01d1, Dec-29-2017, 0x140ea5a5f01779c458c5cb6d8a601e8087a42ce2, 0.001175, 0x365267181bc0ef38bbb8d8ca9b330dc0c3ac01d1, 0 Ether
4818569, 0x365267181bc0ef38bbb8d8ca9b330dc0c3ac01d1, Dec-29-2017, 0xa3091ebad745d5840267f6696e0864cbe548a006, 0.0013493, 0x365267181bc0ef38bbb8d8ca9b330dc0c3ac01d1, 0 Ether
4818565, 0x365267181bc0ef38bbb8d8ca9b330dc0c3ac01d1, Dec-29-2017, 0xa3091ebad745d5840267f6696e0864cbe548a006, 0.00174286, 0x365267181bc0ef38bbb8d8ca9b330dc0c3ac01d1, 0 Ether
4818553, 0x365267181bc0ef38bbb8d8ca9b330dc0c3ac01d1, Dec-29-2017, 0xa3faf8dcdb189d53739f3db57c7d8699fe61ed38, 0.0004208, 0x365267181bc0ef38bbb8d8ca9b330dc0c3ac01d1, 0.1 Ether
4817009, 0x365267181bc0ef38bbb8d8ca9b330dc0c3ac01d1, Dec-29-2017, 0x140ea5a5f01779c458c5cb6d8a601e8087a42ce2, 0.00117436, 0x365267181bc0ef38bbb8d8ca9b330dc0c3ac01d1, 0 Ether
4817008, 0x365267181bc0ef38bbb8d8ca9b330dc0c3ac01d1, Dec-29-2017, 0xa3091ebad745d5840267f6696e0864cbe548a006, 0.00134802, 0x365267181bc0ef38bbb8d8ca9b330dc0c3ac01d1, 0 Ether
4817003, 0x365267181bc0ef38bbb8d8ca9b330dc0c3ac01d1, Dec-29-2017, 0xa3091ebad745d5840267f6696e0864cbe548a006, 0.00174158, 0x365267181bc0ef38bbb8d8ca9b330dc0c3ac01d1, 0 Ether
4812977, 0x365267181bc0ef38bbb8d8ca9b330dc0c3ac01d1, Dec-28-2017, 0x58f951a128081349803d6a891dd1ad46aa011133, 0.00084816, 0x365267181bc0ef38bbb8d8ca9b330dc0c3ac01d1, 0 Ether
4812963, 0x365267181bc0ef38bbb8d8ca9b330dc0c3ac01d1, Dec-28-2017, 0x58f951a128081349803d6a891dd1ad46aa011133, 0.00109112, 0x365267181bc0ef38bbb8d8ca9b330dc0c3ac01d1, 0 Ether
4812962, 0x365267181bc0ef38bbb8d8ca9b330dc0c3ac01d1, Dec-28-2017, 0x58f951a128081349803d6a891dd1ad46aa011133, 0.00109112, 0x365267181bc0ef38bbb8d8ca9b330dc0c3ac01d1, 0 Ether
4812960, 0x365267181bc0ef38bbb8d8ca9b330dc0c3ac01d1, Dec-28-2017, 0x58f951a128081349803d6a891dd1ad46aa011133, 0.00139112, 0x365267181bc0ef38bbb8d8ca9b330dc0c3ac01d1, 0 Ether
4812943, 0x365267181bc0ef38bbb8d8ca9b330dc0c3ac01d1, Dec-28-2017, 0x58f951a128081349803d6a891dd1ad46aa011133, 0.0004208, 0x365267181bc0ef38bbb8d8ca9b330dc0c3ac01d1, 0.01 Ether
4812914, 0x365267181bc0ef38bbb8d8ca9b330dc0c3ac01d1, Dec-28-2017, 0x58f951a128081349803d6a891dd1ad46aa011133, 0.00502239, Contract Creation, 0 Ether
